epoch,score,loss
1,0,0.27858754993098
2,0,0.20661932323891
3,0,0.16483580465057
4,0,0.14275738270956
5,0,0.1266716186866
